id,kind,variant,stage,mse,psnr,ssim,scratch_mse,outside_scratch_mse
control_astronaut,intact_proxy,S0_current,global_before_face,128.51007970174155,27.04143167930839,0.8235285150504902,,
control_astronaut,intact_proxy,S0_current,final_after_face,128.98725382486978,27.02533564266504,0.8229654964571224,,
control_astronaut,intact_proxy,S1_v3_both,global_before_face,123.78165054321289,27.204240914541565,0.8230061053402214,,
control_astronaut,intact_proxy,S1_v3_both,final_after_face,124.41458511352539,27.18209065215469,0.8220014161682055,,
control_astronaut,intact_proxy,S2_union,global_before_face,131.40178807576498,26.94479085856063,0.8230163036437995,,
control_astronaut,intact_proxy,S2_union,final_after_face,131.36419296264648,26.946033587944456,0.8222429223881691,,
control_coffee,intact_proxy,S0_current,global_before_face,166.74062771267361,25.9103892875645,0.8039520310060689,,
control_coffee,intact_proxy,S0_current,final_after_face,166.74062771267361,25.9103892875645,0.8039520310060689,,
control_coffee,intact_proxy,S1_v3_both,global_before_face,157.88526359437003,26.14738764351141,0.8175469367447029,,
control_coffee,intact_proxy,S1_v3_both,final_after_face,157.88526359437003,26.14738764351141,0.8175469367447029,,
control_coffee,intact_proxy,S2_union,global_before_face,175.50089130704364,25.688010344321768,0.8029718391695937,,
control_coffee,intact_proxy,S2_union,final_after_face,175.50089130704364,25.688010344321768,0.8029718391695937,,
scratch_only_astronaut,paired_scratch_only,Input,input,924.8991495768229,18.46985980745194,0.7285755152348933,15436.223509687825,0.0
scratch_only_astronaut,paired_scratch_only,S0_current,global_before_face,402.5862185160319,22.082214569940696,0.6964268347155566,1333.3074213195814,343.2654268636609
scratch_only_astronaut,paired_scratch_only,S0_current,final_after_face,404.8281898498535,22.058096142743775,0.6950308330896998,1334.4990980666794,345.57434016266495
scratch_only_astronaut,paired_scratch_only,S1_v3_both,global_before_face,484.9411150614421,21.273913541346587,0.680175909802201,3621.7293563379385,285.0136167323359
scratch_only_astronaut,paired_scratch_only,S1_v3_both,final_after_face,486.03343454996747,21.264142151835816,0.6788448632094836,3615.8746206574565,286.54871630477567
scratch_only_astronaut,paired_scratch_only,S2_union,global_before_face,393.34619394938153,22.183054086121018,0.7020613186050619,1205.7784215105792,341.5647122794061
scratch_only_astronaut,paired_scratch_only,S2_union,final_after_face,395.1433041890462,22.16325733768643,0.7006144035764871,1205.04772818913,343.5229355440403
scratch_only_camera,paired_scratch_only,Input,input,803.7256050109863,19.07972556608912,0.7292783236291265,13413.882027121666,0.0
scratch_only_camera,paired_scratch_only,S0_current,global_before_face,499.13001251220703,21.14866676242103,0.5753476264883893,3166.099594660555,329.1470504293863
scratch_only_camera,paired_scratch_only,S0_current,final_after_face,499.13001251220703,21.14866676242103,0.5753476264883893,3166.099594660555,329.1470504293863
scratch_only_camera,paired_scratch_only,S1_v3_both,global_before_face,620.0547815958658,20.206502999280673,0.5552505033121076,4839.630334670317,351.1143497120968
scratch_only_camera,paired_scratch_only,S1_v3_both,final_after_face,620.0547815958658,20.206502999280673,0.5552505033121076,4839.630334670317,351.1143497120968
scratch_only_camera,paired_scratch_only,S2_union,global_before_face,442.96860122680664,21.667074174827953,0.5910967220257467,2416.6011544746502,317.17642507686213
scratch_only_camera,paired_scratch_only,S2_union,final_after_face,442.96860122680664,21.667074174827953,0.5910967220257467,2416.6011544746502,317.17642507686213
