id,variant,stage,psnr,ssim,mse
noise_astronaut,Input,direct,27.037694634438722,0.5918448521334209,128.62070846557617
noise_astronaut,B_baseline,global_before_face,27.20139273761376,0.7630404486298176,123.862855275472
noise_astronaut,B_baseline,final_after_face,27.15850801488024,0.7625228105543708,125.09200668334961
noise_astronaut,D_denoise_before,global_before_face,27.256976133421418,0.7884397587475758,122.28769175211589
noise_astronaut,D_denoise_before,final_after_face,27.22350967637791,0.7881348609561876,123.23367309570312
noise_astronaut,E_denoise_after,global_before_face,27.301035444770633,0.7731707546150357,121.05335108439128
noise_astronaut,E_denoise_after,final_after_face,27.252544453846337,0.7724926603071555,122.41254170735677
noise_astronaut,FFDNet_alone_cached,direct,33.96693028208467,0.8876508338783173,26.084789276123047
noise_camera,Input,direct,26.68014136249466,0.5432937916177405,139.65813064575195
noise_camera,B_baseline,global_before_face,25.374921953569928,0.7888108010880118,188.62018458048502
noise_camera,B_baseline,final_after_face,25.374921953569928,0.7888108010880118,188.62018458048502
noise_camera,D_denoise_before,global_before_face,24.18057202318815,0.7932556513916769,248.3265520731608
noise_camera,D_denoise_before,final_after_face,24.18057202318815,0.7932556513916769,248.3265520731608
noise_camera,E_denoise_after,global_before_face,25.44360447582028,0.7950154615602297,185.6606699625651
noise_camera,E_denoise_after,final_after_face,25.44360447582028,0.7950154615602297,185.6606699625651
noise_camera,FFDNet_alone_cached,direct,32.75895645493702,0.8615299367856664,34.449642181396484
